"Group","Keyword","Location","Name","Rating","Reviews","Address","Phone","PlaceId","Website"
"Concrete Contractor_Portland OR","Concrete Contractor","Portland OR","TNT Concrete & Construction","4.8","46","","(503) 832-5066","ChIJBagXDeSnlVQRb1hTsiM3zaI","https://www.tntconcreteandconstruction.com/"
"Concrete Contractor_Portland OR","Concrete Contractor","Portland OR","Xcelent Concrete Services","4.9","119","","(503) 676-0172","ChIJY5335OShlVQRl6M48ovWOOw","http://www.xcelentconcrete.com/"
"Concrete Contractor_Portland OR","Concrete Contractor","Portland OR","ST Concrete LLC","5","82","","(503) 470-9072","ChIJn65UmdSjlVQRCmP0ACUg19E","http://stconcretellc.com/"
"Concrete Contractor_Portland OR","Concrete Contractor","Portland OR","Green Pacific Concrete","4.9","18","14420 NE Glisan St, Portland, OR 97230","(503) 501-1188","ChIJOwKWIPWilVQRZnAkV3rKuAM",""
"Concrete Contractor_Portland OR","Concrete Contractor","Portland OR","Allison Concrete Construction - Portland","4.8","16","","(503) 314-5138","ChIJhZLwG30NlVQRinoaB1hI5qA","https://allisonconcrete.com/?utm_source=SMI&utm_medium=GBP&utm_id=SMI"
"Concrete Contractor_Portland OR","Concrete Contractor","Portland OR","Oasis Concrete","5","84","","(503) 929-3397","ChIJF5PVa-iZlVQRexRxXKSCk40",""
"Concrete Contractor_Portland OR","Concrete Contractor","Portland OR","Advanced Concrete Technologies","5","39","11627 SE Morrison St, Portland, OR 97216","(503) 438-6957","ChIJ__8DrpChlVQR4NY37PQsMCY","http://www.advancedconcretetechnologies.net/"
"Concrete Contractor_Portland OR","Concrete Contractor","Portland OR","A & S Concrete Construction LLC","5","18","19550 E Burnside St #16, Portland, OR 97233","(971) 344-9135","ChIJoQufWS6jlVQRCBX-W0hLYyU",""
"Concrete Contractor_Portland OR","Concrete Contractor","Portland OR","Detail Concrete","5","38","3128 SE 90th Pl, Portland, OR 97266","(503) 849-0863","ChIJqxbIEPmhlVQRBC6kBZqk0Bk","https://detailconcretellc.com/"
"Concrete Contractor_Portland OR","Concrete Contractor","Portland OR","PDX Concrete Contractors","4.8","28","","(971) 253-7990","ChIJrS__OyXtHKkR3kfJFcq-Cyk","https://pdxconcretecontractors.com/"
"Concrete Contractor_Portland OR","Concrete Contractor","Portland OR","STALA Concrete Construction LLC","4.9","37","","(503) 975-4259","ChIJsdBCcEujlVQRy1Ef8jk3Psw","https://stalaconcreteconstruction.com/"
"Concrete Contractor_Portland OR","Concrete Contractor","Portland OR","Keystone Concrete Driveway Retaining Wall Foundation Contractor","4.8","125","1020 SW Taylor St Suite 540, Portland, OR 97205","(503) 770-8807","ChIJzfbecf0FlVQRLSLdp8SnCgU","https://keystoneconcretecontractor.com/"
"Concrete Contractor_Portland OR","Concrete Contractor","Portland OR","TOA Concrete Construction LLC","4.8","45","401 NE 19th Ave, Portland, OR 97232","(503) 753-2952","ChIJVVWx8xSilVQRzOOY0Cz7qLw","https://www.toaconcrete.com/"
"Concrete Contractor_Portland OR","Concrete Contractor","Portland OR","Cretec Concrete LLC","4.6","57","11947 NE Brazee St, Portland, OR 97220","(503) 487-5797","ChIJ8Q9r79mjlVQRcLWUbAk5Xic","https://www.cretecconcrete.com/"
"Concrete Contractor_Portland OR","Concrete Contractor","Portland OR","Gs Concrete Inc Portland","4.8","36","","(503) 891-5947","ChIJzTKTFcl1lVQRgclQZiKL2_U","https://www.gsconcretework.com/"
"Concrete Contractor_Portland OR","Concrete Contractor","Portland OR","Pacific NW Concrete","4.9","55","16958 NW Arizona Dr, Beaverton, OR 97006","(503) 826-4595","ChIJN4yk4muwxGoRu_JjzeuO6U4","https://www.pacificnwconcretellc.com/"
"Concrete Contractor_Portland OR","Concrete Contractor","Portland OR","Awesome Concrete","4.8","38","","(503) 740-8348","ChIJt6pqCq2plVQRQGjUvT4tXco","https://www.concretecompanyvancouver.com/"
"Concrete Contractor_Portland OR","Concrete Contractor","Portland OR","Your Concrete Guy","4.5","28","109 SE Alder St, Portland, OR 97214","(503) 928-5922","ChIJyesg0gkKlVQRqTecnsTWwwc","http://yourconcreteguy.com/"
"Concrete Contractor_Portland OR","Concrete Contractor","Portland OR","Forge Concrete Construction","5","33","","(503) 887-7600","ChIJ6eq1G5ubCy4RyVGtpmrU8j0","http://frgcc.com/"
"Concrete Contractor_Portland OR","Concrete Contractor","Portland OR","Five Brothers Concrete","4.8","41","95 SW 131st Ave, Beaverton, OR 97005","(503) 841-3078","ChIJKarGewUPlVQReZelBGv97f8","https://www.5brothersconcrete.com/"
"Tree Service_Beaverton OR","Tree Service","Beaverton OR","King's Tree Service, LLC","4.9","279","380 SW 150th Ave, Beaverton, OR 97006","(971) 221-8526","ChIJ2VIpuCBzlVQR3TVNalb_P8g","https://kingstreeserviceoregon.com/"
"Tree Service_Beaverton OR","Tree Service","Beaverton OR","Evergreen Landscape Care & Tree Services","4.8","33","12725 SW Millikan Way Suite 300, Beaverton, OR 97005","(503) 956-7328","ChIJVT-3EbkNlVQRHHDod9aARGw","https://evergreentreeserviceexperts.com/?utm_source=google&utm_medium=gmb&utm_campaign=evergreen-landscape-care-t-865"
"Tree Service_Beaverton OR","Tree Service","Beaverton OR","J & F Tree Service Inc","4.4","83","4145 SW Watson Ave, Beaverton, OR 97005","(503) 554-0625","ChIJkZ8PqUgOlVQRiIkwJWhxaYM","https://www.jandftreeservice.com/"
"Tree Service_Beaverton OR","Tree Service","Beaverton OR","For The Love Of Trees, LLC","4.8","55","4550 SW Betts Ave #1996, Beaverton, OR 97005","(503) 515-9520","ChIJ47p-5skOlVQREQjkHCzRqb0","https://www.fortheloveoftrees.com/"
"Tree Service_Beaverton OR","Tree Service","Beaverton OR","Beaver Tree Service Inc.","4.9","14","17455 SW Farmington Rd, Beaverton, OR 97007","(503) 224-1338","ChIJecVlQ24OlVQRjWbesl_pezo","https://beavertree.net/?utm_source=GBP&utm_medium=organic"
"Tree Service_Beaverton OR","Tree Service","Beaverton OR","Monkeyman's Tree Service","4.9","669","17280 Lower Boones Ferry Rd, Lake Oswego, OR 97035","(844) 708-4251","ChIJU6ubFfQJlVQRFDLA6Sc8BHc","https://monkeymans.com/"
"Tree Service_Beaverton OR","Tree Service","Beaverton OR","Peter's Tree Service LLC","4.9","129","","(503) 828-6823","ChIJr2FRPegNlVQR_Emw0-TPFFo","https://peterstreeservice.com/"
"Tree Service_Beaverton OR","Tree Service","Beaverton OR","Peters Tree Service","5","4","14990 SW Telluride Terrace, Beaverton, OR 97007","(503) 828-6823","ChIJeSeAhpUNlVQRI2KqAGFDfcc","http://www.peterstreeservice.com/"
"Tree Service_Beaverton OR","Tree Service","Beaverton OR","Monkey Tree Service LLC","4.6","60","","(503) 960-5326","ChIJx2vBU0gPlVQRl6UcPJ1JomY",""
"Tree Service_Beaverton OR","Tree Service","Beaverton OR","General Tree Service","4.8","143","6795 SW 111th Ave, Beaverton, OR 97008","(503) 656-2656","ChIJrZOQ5NenlVQRhNguqL8xCzo","https://www.generaltree.com/"
"Tree Service_Beaverton OR","Tree Service","Beaverton OR","Colt Tree Service Inc.","4.6","11","6348 SW Seymour St, Portland, OR 97221","(503) 956-7538","ChIJ-SRrkOsLlVQR1m1a1CcjfPg",""
"Tree Service_Beaverton OR","Tree Service","Beaverton OR","Greenroad tree service","5","37","","(503) 602-0168","ChIJX2mipTATlVQRsG2sfwfF8a4","https://www.greenroadtsl.com/"
"Tree Service_Beaverton OR","Tree Service","Beaverton OR","Urban Forest Pro","4.8","287","2214 NW 21st Ave, Portland, OR 97209","(503) 776-0934","ChIJuwBcyLKnlVQRb4DFznWjBdY","https://www.urbanforestprofessionals.com/?utm_source=google&utm_medium=organic&utm_campaign=gmb"
"Tree Service_Beaverton OR","Tree Service","Beaverton OR","Evergreen Tree Services","4.6","64","18787 SW Scholls-Sherwood Rd, Sherwood, OR 97140","(503) 625-4595","ChIJuWGRg_pslVQRSBh7cYXVro4","http://www.evergreentsl.com/"
"Tree Service_Beaverton OR","Tree Service","Beaverton OR","Oregon Tree Care","4.9","191","7625 NE Martin Luther King Jr Blvd Ste #A, Portland, OR 97211","(503) 929-9437","ChIJY_GyCV91lVQRsX8LPWiLtRg","https://oregontreecare.com/?utm_source=gmb&utm_medium=organic"
"Tree Service_Beaverton OR","Tree Service","Beaverton OR","Westside Tree Company","4.3","16","","(503) 646-8835","ChIJsXkIdykMlVQR2Exsct-RV-A","https://westsidetreeco.com/"
"Tree Service_Beaverton OR","Tree Service","Beaverton OR","Beaverton Tree Service","1","1","","(503) 974-7535","ChIJDx9V1ykPlVQRBzmD6s9Avxc","https://beavertontreeservicepros.com/index.html"
"Tree Service_Beaverton OR","Tree Service","Beaverton OR","Gentlemens Tree Service","4.9","101","","(503) 926-0364","ChIJecjN9yEMlVQRVFIlB1H5ABw","http://gentlemenstree.com/"
"Tree Service_Beaverton OR","Tree Service","Beaverton OR","Bridgetown Tree Service LLC","5","26","","(888) 423-8733","ChIJn1oAE0AJlVQRhkP1u02AGMo","http://bridgetowntreeservice.com/"
"Tree Service_Beaverton OR","Tree Service","Beaverton OR","All About Trees LLC","4.9","50","7325 NE Imbrie Dr, Hillsboro, OR 97124","(971) 320-6548","ChIJadIvr50FlVQRFRm0lGYZi9U","https://allabouttreesor.hibuwebsites.com/"